,model,img_size,precision,mAP50,mAP,mAP50_8class,mAP_8class,person_mAP.5,car_mAP.5,motorcycle_mAP.5,bus_mAP.5,truck_mAP.5,baseball_bat_mAP.5,knife_mAP.5,cell_phone_mAP.5,person_mAP,car_mAP,motorcycle_mAP,bus_mAP,truck_mAP,baseball_bat_mAP,knife_mAP,cell_phone_mAP,experiment_time
0,yolov5l6,1280,fp16,0.7061042757231983,0.5227280554509581,0.7434818681153712,0.5324955592698563,0.8598390698011174,0.787859037238027,0.8079996242721972,0.8850437886752031,0.6673509598451254,0.7169808653401972,0.521954379672731,0.7008272200783721,0.6350552259668647,0.5494377454819125,0.5568775414703249,0.7704109662868025,0.4866806525207699,0.4243228408447344,0.34254745134870773,0.49463205023873397,6032
1,yolov5l6,1280,fp32,0.7059118815833638,0.5228428252450639,0.7431273980514019,0.5321621208044109,0.859570592146744,0.7882380991650857,0.8070124688242202,0.8860877959175956,0.6669472257287786,0.7179466397444454,0.5192162308709506,0.7000001320133953,0.6359903312155086,0.5497617085113294,0.5565396262999778,0.7719261950705294,0.48700068198104296,0.4183031495369353,0.34314265535611216,0.4946326184638516,11163
